passo,horario,temp_real,setpoint,acao,recompensa
1,09:48:50,29.41,25.0,1,-4.41
2,09:48:52,29.86,25.0,1,-4.859999999999999
3,09:48:53,30.39,25.0,1,-5.390000000000001
4,09:48:55,30.87,25.0,1,-5.870000000000001
5,09:48:56,31.33,25.0,1,-6.329999999999998
6,09:48:58,31.75,25.0,1,-6.75
7,09:48:59,32.15,25.0,1,-7.149999999999999
8,09:49:00,32.51,25.0,1,-7.509999999999998
9,09:49:02,32.83,25.0,1,-7.829999999999998
10,09:49:03,33.17,25.0,1,-8.170000000000002
11,09:49:05,33.47,25.0,1,-8.469999999999999
12,09:49:06,33.72,25.0,1,-8.719999999999999
13,09:49:08,33.97,25.0,1,-8.969999999999999
14,09:49:09,34.22,25.0,1,-9.219999999999999
15,09:49:11,34.44,25.0,1,-9.439999999999998
16,09:49:12,34.65,25.0,1,-9.649999999999999
17,09:49:14,34.84,25.0,1,-9.840000000000003
18,09:49:15,35.0,25.0,1,-10.0
19,09:49:17,35.17,25.0,1,-10.170000000000002
20,09:49:18,35.3,25.0,1,-10.299999999999997
21,09:49:20,35.42,95.0,1,-59.58
22,09:49:21,35.55,95.0,2,-59.45
23,09:49:23,35.67,95.0,2,-59.33
24,09:49:24,35.79,95.0,2,-59.21
25,09:49:26,35.86,95.0,2,-59.14
26,09:49:27,35.95,95.0,2,-59.05
27,09:49:29,36.05,95.0,2,-58.95
28,09:49:30,36.17,95.0,2,-58.83
29,09:49:32,36.3,95.0,2,-58.7
30,09:49:33,36.46,95.0,2,-58.54
31,09:49:35,36.65,95.0,2,-58.35
32,09:49:36,36.85,95.0,2,-58.15
33,09:49:38,37.11,95.0,2,-57.89
34,09:49:39,37.39,95.0,2,-57.61
35,09:49:41,37.7,95.0,2,-57.3
36,09:49:42,37.99,95.0,2,-57.01
37,09:49:43,38.33,95.0,2,-56.67
38,09:49:45,38.65,95.0,2,-56.35
39,09:49:46,39.03,95.0,2,-55.97
40,09:49:48,39.4,95.0,2,-55.6
41,09:49:49,39.78,95.0,2,-55.22
42,09:49:51,40.15,95.0,2,-54.85
43,09:49:52,40.56,95.0,2,-54.44
44,09:49:54,40.97,95.0,2,-54.03
45,09:49:55,41.44,95.0,2,-53.56
46,09:49:57,41.88,95.0,2,-53.12
47,09:49:58,42.29,95.0,2,-52.71
48,09:50:00,42.75,95.0,2,-52.25
49,09:50:01,43.2,95.0,2,-51.8
50,09:50:03,43.66,95.0,2,-51.34
51,09:50:04,44.14,95.0,2,-50.86
52,09:50:06,44.64,95.0,2,-50.36
53,09:50:07,45.1,95.0,2,-49.9
54,09:50:09,45.58,95.0,2,-49.42
55,09:50:10,46.08,95.0,2,-48.92
56,09:50:12,46.58,95.0,2,-48.42
57,09:50:13,47.08,95.0,2,-47.92
58,09:50:15,47.58,95.0,2,-47.42
59,09:50:16,48.08,95.0,2,-46.92
60,09:50:17,48.58,95.0,2,-46.42
61,09:50:19,49.08,95.0,2,-45.92
62,09:50:20,49.58,95.0,2,-45.42
63,09:50:22,50.08,95.0,2,-44.92
64,09:50:23,50.58,95.0,2,-44.42
65,09:50:25,51.08,95.0,2,-43.92
66,09:50:26,51.61,95.0,2,-43.39
67,09:50:28,52.13,95.0,2,-42.87
68,09:50:29,52.61,95.0,2,-42.39
69,09:50:31,53.14,95.0,2,-41.86
70,09:50:32,53.64,95.0,2,-41.36
71,09:50:34,54.14,95.0,2,-40.86
72,09:50:35,54.64,95.0,2,-40.36
73,09:50:37,55.14,95.0,2,-39.86
74,09:50:38,55.64,95.0,2,-39.36
75,09:50:40,56.14,95.0,2,-38.86
76,09:50:41,56.64,95.0,2,-38.36
77,09:50:43,57.14,95.0,2,-37.86
78,09:50:44,57.64,95.0,2,-37.36
79,09:50:45,58.13,95.0,2,-36.87
80,09:50:47,58.6,95.0,2,-36.4
81,09:50:48,59.08,95.0,2,-35.92
82,09:50:50,59.58,95.0,2,-35.42
83,09:50:51,60.08,95.0,2,-34.92
84,09:50:53,60.58,95.0,2,-34.42
85,09:50:54,61.04,95.0,2,-33.96
86,09:50:56,61.51,95.0,2,-33.49
87,09:50:57,62.01,95.0,2,-32.99
88,09:50:59,62.5,95.0,2,-32.5
89,09:51:00,62.95,95.0,2,-32.05
90,09:51:02,63.41,95.0,2,-31.590000000000003
91,09:51:03,63.89,95.0,2,-31.11
92,09:51:05,64.35,95.0,2,-30.650000000000006
93,09:51:06,64.82,95.0,2,-30.180000000000007
94,09:51:08,65.29,95.0,2,-29.709999999999994
95,09:51:09,65.72,95.0,2,-29.28
96,09:51:10,66.19,95.0,2,-28.810000000000002
97,09:51:12,66.64,95.0,2,-28.36
98,09:51:13,67.1,95.0,2,-27.900000000000006
99,09:51:15,67.54,95.0,2,-27.459999999999994
100,09:51:16,67.97,95.0,2,-27.03
101,09:51:18,68.44,95.0,2,-26.560000000000002
102,09:51:19,68.87,95.0,2,-26.129999999999995
103,09:51:21,69.31,95.0,2,-25.689999999999998
104,09:51:22,69.75,95.0,2,-25.25
105,09:51:24,70.16,95.0,2,-24.840000000000003
106,09:51:25,70.6,95.0,2,-24.400000000000006
107,09:51:27,71.04,95.0,2,-23.959999999999994
108,09:51:28,71.46,95.0,2,-23.540000000000006
109,09:51:30,71.87,95.0,2,-23.129999999999995
110,09:51:31,72.29,95.0,2,-22.709999999999994
111,09:51:33,72.72,95.0,2,-22.28
112,09:51:34,73.15,95.0,2,-21.849999999999994
113,09:51:35,73.53,95.0,2,-21.47
114,09:51:37,73.94,95.0,2,-21.060000000000002
115,09:51:38,74.37,95.0,2,-20.629999999999995
116,09:51:40,74.78,95.0,2,-20.22
117,09:51:41,75.16,95.0,2,-19.840000000000003
118,09:51:43,75.59,95.0,2,-19.409999999999997
119,09:51:44,75.96,95.0,2,-19.040000000000006
120,09:51:46,76.34,95.0,2,-18.659999999999997
121,09:51:47,76.75,95.0,2,-18.25
122,09:51:49,77.15,95.0,2,-17.849999999999994
123,09:51:50,77.53,95.0,2,-17.47
124,09:51:52,77.9,95.0,2,-17.099999999999994
125,09:51:53,78.28,95.0,2,-16.72
126,09:51:55,78.68,95.0,2,-16.319999999999993
127,09:51:56,79.04,95.0,2,-15.959999999999994
128,09:51:57,79.43,95.0,2,-15.569999999999993
129,09:51:59,79.78,95.0,2,-15.219999999999999
130,09:52:00,80.15,95.0,2,-14.849999999999994
131,09:52:02,80.53,95.0,2,-14.469999999999999
132,09:52:03,80.9,95.0,2,-14.099999999999994
133,09:52:05,81.24,95.0,2,-13.760000000000005
134,09:52:06,81.59,95.0,2,-13.409999999999997
135,09:52:08,81.96,95.0,2,-13.040000000000006
136,09:52:09,82.34,95.0,2,-12.659999999999997
137,09:52:11,82.7,95.0,2,-12.299999999999997
138,09:52:12,83.03,95.0,2,-11.969999999999999
139,09:52:14,83.4,95.0,2,-11.599999999999994
140,09:52:15,83.74,95.0,2,-11.260000000000005
141,09:52:16,84.09,55.0,2,-29.090000000000003
142,09:52:18,84.45,55.0,0,-29.450000000000003
143,09:52:19,84.78,55.0,0,-29.78
144,09:52:21,85.15,55.0,0,-30.150000000000006
145,09:52:22,85.51,55.0,0,-30.510000000000005
146,09:52:24,85.84,55.0,0,-30.840000000000003
147,09:52:25,86.15,55.0,0,-31.150000000000006
148,09:52:27,86.36,55.0,0,-31.36
149,09:52:28,86.62,55.0,0,-31.620000000000005
150,09:52:30,86.81,55.0,0,-31.810000000000002
151,09:52:31,86.99,55.0,0,-31.989999999999995
152,09:52:33,87.11,55.0,0,-32.11
153,09:52:34,87.2,55.0,0,-32.2
154,09:52:35,87.28,55.0,0,-32.28
155,09:52:37,87.29,55.0,0,-32.290000000000006
156,09:52:38,87.31,55.0,0,-32.31
157,09:52:40,87.3,55.0,0,-32.3
158,09:52:41,87.25,55.0,0,-32.25
159,09:52:43,87.2,55.0,0,-32.2
160,09:52:44,87.11,55.0,0,-32.11
161,09:52:46,86.97,55.0,0,-31.97
162,09:52:47,86.82,55.0,0,-31.819999999999993
163,09:52:49,86.7,55.0,0,-31.700000000000003
164,09:52:50,86.54,55.0,0,-31.540000000000006
165,09:52:52,86.35,55.0,0,-31.349999999999994
166,09:52:53,86.16,55.0,0,-31.159999999999997
167,09:52:54,85.96,55.0,0,-30.959999999999994
168,09:52:56,85.71,55.0,0,-30.709999999999994
169,09:52:57,85.49,55.0,0,-30.489999999999995
170,09:52:59,85.21,55.0,0,-30.209999999999994
171,09:53:00,84.96,55.0,0,-29.959999999999994
172,09:53:02,84.7,55.0,0,-29.700000000000003
173,09:53:03,84.43,55.0,0,-29.430000000000007
174,09:53:05,84.14,55.0,0,-29.14
175,09:53:06,83.82,55.0,0,-28.819999999999993
176,09:53:08,83.51,55.0,0,-28.510000000000005
177,09:53:09,83.2,55.0,0,-28.200000000000003
178,09:53:11,82.9,55.0,0,-27.900000000000006
179,09:53:12,82.61,55.0,0,-27.61
180,09:53:13,82.29,55.0,0,-27.290000000000006
181,09:53:15,81.95,55.0,0,-26.950000000000003
182,09:53:16,81.61,55.0,0,-26.61
183,09:53:18,81.29,55.0,0,-26.290000000000006
184,09:53:19,80.95,55.0,0,-25.950000000000003
185,09:53:21,80.61,55.0,0,-25.61
186,09:53:22,80.29,55.0,0,-25.290000000000006
187,09:53:24,79.93,55.0,0,-24.930000000000007
188,09:53:25,79.6,55.0,0,-24.599999999999994
189,09:53:27,79.22,55.0,0,-24.22
190,09:53:28,78.85,55.0,0,-23.849999999999994
191,09:53:30,78.51,55.0,0,-23.510000000000005
192,09:53:31,78.16,55.0,0,-23.159999999999997
193,09:53:33,77.8,55.0,0,-22.799999999999997
194,09:53:34,77.47,55.0,0,-22.47
195,09:53:35,77.1,55.0,0,-22.099999999999994
196,09:53:37,76.72,55.0,0,-21.72
197,09:53:38,76.39,55.0,0,-21.39
198,09:53:40,76.04,55.0,0,-21.040000000000006
199,09:53:41,75.68,55.0,0,-20.680000000000007
200,09:53:43,75.32,55.0,0,-20.319999999999993
201,09:53:44,74.97,55.0,0,-19.97
202,09:53:46,74.61,55.0,0,-19.61
203,09:53:47,74.25,55.0,0,-19.25
204,09:53:49,73.89,55.0,0,-18.89
205,09:53:50,73.54,55.0,0,-18.540000000000006
206,09:53:52,73.2,55.0,0,-18.200000000000003
207,09:53:53,72.85,55.0,0,-17.849999999999994
208,09:53:55,72.49,55.0,0,-17.489999999999995
209,09:53:56,72.16,55.0,0,-17.159999999999997
210,09:53:57,71.8,55.0,0,-16.799999999999997
211,09:53:59,71.47,55.0,0,-16.47
212,09:54:00,71.11,55.0,0,-16.11
213,09:54:02,70.79,55.0,0,-15.790000000000006
214,09:54:03,70.41,55.0,0,-15.409999999999997
215,09:54:05,70.05,55.0,0,-15.049999999999997
216,09:54:06,69.72,55.0,1,-14.719999999999999
217,09:54:08,69.39,55.0,1,-14.39
218,09:54:09,69.05,55.0,1,-14.049999999999997
219,09:54:11,68.72,55.0,1,-13.719999999999999
220,09:54:12,68.4,55.0,1,-13.400000000000006
221,09:54:14,68.11,55.0,1,-13.11
222,09:54:15,67.8,55.0,1,-12.799999999999997
223,09:54:17,67.47,55.0,1,-12.469999999999999
224,09:54:18,67.19,55.0,1,-12.189999999999998
225,09:54:19,66.95,55.0,1,-11.950000000000003
226,09:54:21,66.65,55.0,1,-11.650000000000006
227,09:54:22,66.4,55.0,1,-11.400000000000006
228,09:54:24,66.11,55.0,1,-11.11
229,09:54:25,65.87,55.0,1,-10.870000000000005
230,09:54:27,65.65,55.0,1,-10.650000000000006
231,09:54:28,65.4,55.0,1,-10.400000000000006
232,09:54:30,65.16,55.0,1,-10.159999999999997
233,09:54:31,64.96,55.0,1,-9.959999999999994
234,09:54:33,64.72,55.0,1,-9.719999999999999
235,09:54:34,64.53,55.0,1,-9.530000000000001
236,09:54:36,64.29,55.0,1,-9.290000000000006
237,09:54:37,64.1,55.0,1,-9.099999999999994
238,09:54:39,63.9,55.0,1,-8.899999999999999
239,09:54:40,63.66,55.0,1,-8.659999999999997
240,09:54:42,63.5,55.0,1,-8.5
241,09:54:43,63.29,55.0,1,-8.29
242,09:54:44,63.1,55.0,1,-8.100000000000001
243,09:54:46,62.9,55.0,1,-7.899999999999999
244,09:54:47,62.7,55.0,1,-7.700000000000003
245,09:54:49,62.54,55.0,1,-7.539999999999999
246,09:54:50,62.34,55.0,1,-7.340000000000003
247,09:54:52,62.14,55.0,1,-7.140000000000001
248,09:54:53,62.0,55.0,1,-7.0
249,09:54:55,61.79,55.0,1,-6.789999999999999
250,09:54:56,61.61,55.0,1,-6.609999999999999
251,09:54:58,61.44,55.0,1,-6.439999999999998
252,09:54:59,61.25,55.0,1,-6.25
253,09:55:01,61.08,55.0,1,-6.079999999999998
254,09:55:02,60.91,55.0,1,-5.909999999999997
255,09:55:04,60.75,55.0,1,-5.75
256,09:55:05,60.58,55.0,1,-5.579999999999998
257,09:55:06,60.41,55.0,1,-5.409999999999997
258,09:55:08,60.22,55.0,1,-5.219999999999999
259,09:55:09,60.08,55.0,1,-5.079999999999998
260,09:55:11,59.91,55.0,1,-4.909999999999997
261,09:55:12,59.75,55.0,1,-4.75
262,09:55:14,59.56,55.0,1,-4.560000000000002
263,09:55:15,59.39,55.0,1,-4.390000000000001
264,09:55:17,59.25,55.0,1,-4.25
265,09:55:18,59.08,55.0,1,-4.079999999999998
266,09:55:20,58.94,55.0,1,-3.9399999999999977
267,09:55:21,58.76,55.0,1,-3.759999999999998
268,09:55:23,58.6,55.0,1,-3.6000000000000014
269,09:55:24,58.45,55.0,1,-3.450000000000003
270,09:55:26,58.29,55.0,1,-3.289999999999999
271,09:55:27,58.13,55.0,1,-3.1300000000000026
272,09:55:29,57.97,55.0,1,-2.969999999999999
273,09:55:30,57.83,55.0,1,-2.8299999999999983
274,09:55:32,57.69,55.0,1,-2.6899999999999977
275,09:55:33,57.51,55.0,1,-2.509999999999998
276,09:55:34,57.38,55.0,1,-2.3800000000000026
277,09:55:36,57.2,55.0,1,-2.200000000000003
278,09:55:37,57.08,55.0,1,-2.0799999999999983
279,09:55:39,56.91,55.0,1,-1.9099999999999966
280,09:55:40,56.75,55.0,1,-1.75
281,09:55:42,56.6,55.0,1,-1.6000000000000014
282,09:55:43,56.45,55.0,1,-1.4500000000000028
283,09:55:45,56.33,55.0,1,-1.3299999999999983
284,09:55:46,56.16,55.0,1,-1.1599999999999966
285,09:55:48,56.01,55.0,1,-1.009999999999998
286,09:55:49,55.85,55.0,1,-0.8500000000000014
287,09:55:51,55.7,55.0,1,-0.7000000000000028
288,09:55:52,55.58,55.0,1,-0.5799999999999983
289,09:55:54,55.41,55.0,1,-0.4099999999999966
290,09:55:55,55.26,55.0,1,-0.259999999999998
291,09:55:57,55.13,55.0,1,-0.13000000000000256
292,09:55:58,54.95,55.0,1,-0.04999999999999716
293,09:56:00,54.83,55.0,1,-0.1700000000000017
294,09:56:01,54.7,55.0,1,-0.29999999999999716
295,09:56:02,54.54,55.0,2,-0.46000000000000085
296,09:56:04,54.38,55.0,2,-0.6199999999999974
297,09:56:05,54.22,55.0,2,-0.7800000000000011
298,09:56:07,54.08,55.0,2,-0.9200000000000017
299,09:56:08,53.95,55.0,2,-1.0499999999999972
300,09:56:10,53.84,55.0,2,-1.1599999999999966
301,09:56:11,53.78,55.0,2,-1.2199999999999989
302,09:56:13,53.71,55.0,2,-1.2899999999999991
303,09:56:14,53.69,55.0,2,-1.3100000000000023
304,09:56:16,53.7,55.0,2,-1.2999999999999972
305,09:56:17,53.76,55.0,2,-1.240000000000002
306,09:56:19,53.83,55.0,2,-1.1700000000000017
307,09:56:20,53.9,55.0,2,-1.1000000000000014
308,09:56:22,54.01,55.0,2,-0.990000000000002
309,09:56:23,54.15,55.0,2,-0.8500000000000014
310,09:56:25,54.31,55.0,2,-0.6899999999999977
311,09:56:26,54.5,55.0,2,-0.5
312,09:56:28,54.69,55.0,2,-0.3100000000000023
313,09:56:29,54.91,55.0,2,-0.09000000000000341
314,09:56:30,55.16,55.0,1,-0.1599999999999966
315,09:56:32,55.41,55.0,1,-0.4099999999999966
316,09:56:33,55.67,55.0,1,-0.6700000000000017
317,09:56:35,55.95,55.0,1,-0.9500000000000028
318,09:56:36,56.22,55.0,1,-1.2199999999999989
319,09:56:38,56.47,55.0,1,-1.4699999999999989
320,09:56:39,56.72,55.0,1,-1.7199999999999989
321,09:56:41,56.97,72.0,1,-15.030000000000001
322,09:56:42,57.21,72.0,2,-14.79
323,09:56:44,57.39,72.0,2,-14.61
324,09:56:45,57.61,72.0,2,-14.39
325,09:56:47,57.75,72.0,2,-14.25
326,09:56:48,57.92,72.0,2,-14.079999999999998
327,09:56:50,58.06,72.0,2,-13.939999999999998
328,09:56:51,58.24,72.0,2,-13.759999999999998
329,09:56:53,58.4,72.0,2,-13.600000000000001
330,09:56:54,58.59,72.0,2,-13.409999999999997
331,09:56:55,58.79,72.0,2,-13.21
332,09:56:57,59.04,72.0,2,-12.96
333,09:56:58,59.26,72.0,2,-12.740000000000002
334,09:57:00,59.54,72.0,2,-12.46
335,09:57:01,59.79,72.0,2,-12.21
336,09:57:03,60.04,72.0,2,-11.96
337,09:57:04,60.33,72.0,2,-11.670000000000002
338,09:57:06,60.61,72.0,2,-11.39
339,09:57:07,60.92,72.0,2,-11.079999999999998
340,09:57:09,61.24,72.0,2,-10.759999999999998
341,09:57:10,61.58,72.0,2,-10.420000000000002
342,09:57:12,61.89,72.0,2,-10.11
343,09:57:13,62.21,72.0,2,-9.79
344,09:57:15,62.58,72.0,2,-9.420000000000002
345,09:57:16,62.89,72.0,2,-9.11
346,09:57:18,63.25,72.0,2,-8.75
347,09:57:19,63.63,72.0,2,-8.369999999999997
348,09:57:20,63.99,72.0,2,-8.009999999999998
349,09:57:22,64.34,72.0,2,-7.659999999999997
350,09:57:23,64.71,72.0,2,-7.290000000000006
351,09:57:25,65.09,72.0,2,-6.909999999999997
352,09:57:26,65.46,72.0,2,-6.540000000000006
353,09:57:28,65.86,72.0,2,-6.140000000000001
354,09:57:29,66.25,72.0,2,-5.75
355,09:57:31,66.62,72.0,2,-5.3799999999999955
356,09:57:32,67.03,72.0,2,-4.969999999999999
357,09:57:34,67.4,72.0,2,-4.599999999999994
358,09:57:35,67.78,72.0,2,-4.219999999999999
359,09:57:37,68.19,72.0,2,-3.8100000000000023
360,09:57:38,68.59,72.0,2,-3.4099999999999966
361,09:57:40,68.96,72.0,2,-3.0400000000000063
362,09:57:41,69.34,72.0,2,-2.6599999999999966
363,09:57:43,69.72,72.0,2,-2.280000000000001
364,09:57:44,70.15,72.0,1,-1.8499999999999943
365,09:57:45,70.53,72.0,1,-1.4699999999999989
366,09:57:47,70.91,72.0,1,-1.0900000000000034
367,09:57:48,71.3,72.0,1,-0.7000000000000028
368,09:57:50,71.68,72.0,1,-0.3199999999999932
369,09:57:51,72.03,72.0,1,-0.030000000000001137
370,09:57:53,72.36,72.0,1,-0.35999999999999943
371,09:57:54,72.66,72.0,1,-0.6599999999999966
372,09:57:56,72.91,72.0,1,-0.9099999999999966
373,09:57:57,73.16,72.0,1,-1.1599999999999966
374,09:57:59,73.41,72.0,1,-1.4099999999999966
375,09:58:00,73.61,72.0,1,-1.6099999999999994
376,09:58:02,73.78,72.0,1,-1.7800000000000011
377,09:58:03,73.93,72.0,1,-1.9300000000000068
378,09:58:05,74.03,72.0,1,-2.030000000000001
379,09:58:06,74.14,72.0,1,-2.1400000000000006
380,09:58:07,74.22,72.0,1,-2.219999999999999
381,09:58:09,74.29,72.0,1,-2.2900000000000063
382,09:58:10,74.31,72.0,1,-2.3100000000000023
383,09:58:12,74.35,72.0,1,-2.3499999999999943
384,09:58:13,74.37,72.0,1,-2.3700000000000045
385,09:58:15,74.37,72.0,1,-2.3700000000000045
386,09:58:16,74.34,72.0,1,-2.3400000000000034
387,09:58:18,74.3,72.0,1,-2.299999999999997
388,09:58:19,74.25,72.0,1,-2.25
389,09:58:21,74.2,72.0,1,-2.200000000000003
390,09:58:22,74.12,72.0,1,-2.1200000000000045
391,09:58:24,74.05,72.0,1,-2.049999999999997
392,09:58:25,73.95,72.0,1,-1.9500000000000028
393,09:58:27,73.82,72.0,1,-1.8199999999999932
394,09:58:28,73.71,72.0,1,-1.7099999999999937
395,09:58:29,73.62,72.0,1,-1.6200000000000045
396,09:58:31,73.45,72.0,1,-1.4500000000000028
397,09:58:32,73.32,72.0,1,-1.3199999999999932
398,09:58:34,73.2,72.0,1,-1.2000000000000028
399,09:58:35,73.06,72.0,1,-1.0600000000000023
400,09:58:37,72.89,72.0,1,-0.8900000000000006
401,09:58:38,72.76,72.0,1,-0.7600000000000051
402,09:58:40,72.6,72.0,1,-0.5999999999999943
403,09:58:41,72.41,72.0,1,-0.4099999999999966
404,09:58:43,72.22,72.0,1,-0.21999999999999886
405,09:58:44,72.06,72.0,1,-0.060000000000002274
406,09:58:46,71.87,72.0,1,-0.12999999999999545
407,09:58:47,71.69,72.0,1,-0.3100000000000023
408,09:58:49,71.5,72.0,1,-0.5
409,09:58:50,71.31,72.0,1,-0.6899999999999977
410,09:58:51,71.12,72.0,1,-0.8799999999999955
411,09:58:53,70.91,72.0,1,-1.0900000000000034
412,09:58:54,70.72,72.0,1,-1.2800000000000011
413,09:58:56,70.53,72.0,1,-1.4699999999999989
414,09:58:57,70.32,72.0,1,-1.6800000000000068
415,09:58:59,70.15,72.0,1,-1.8499999999999943
416,09:59:00,69.91,72.0,1,-2.0900000000000034
417,09:59:02,69.71,72.0,1,-2.2900000000000063
418,09:59:03,69.47,72.0,1,-2.530000000000001
419,09:59:05,69.31,72.0,2,-2.6899999999999977
420,09:59:06,69.09,72.0,2,-2.9099999999999966
421,09:59:08,68.87,72.0,2,-3.1299999999999955
422,09:59:09,68.69,72.0,2,-3.3100000000000023
423,09:59:11,68.47,72.0,2,-3.530000000000001
424,09:59:12,68.29,72.0,2,-3.7099999999999937
425,09:59:13,68.14,72.0,2,-3.8599999999999994
